number,observed_count,expected_count,difference,observed_pct_of_draws
1,218,229.28571428571428,-11.285714285714278,13.582554517133957
2,226,229.28571428571428,-3.2857142857142776,14.080996884735203
3,238,229.28571428571428,8.714285714285722,14.828660436137072
4,236,229.28571428571428,6.714285714285722,14.70404984423676
5,243,229.28571428571428,13.714285714285722,15.14018691588785
6,223,229.28571428571428,-6.285714285714278,13.894080996884735
7,238,229.28571428571428,8.714285714285722,14.828660436137072
8,234,229.28571428571428,4.714285714285722,14.57943925233645
9,224,229.28571428571428,-5.285714285714278,13.95638629283489
10,222,229.28571428571428,-7.285714285714278,13.831775700934578
11,212,229.28571428571428,-17.285714285714278,13.208722741433021
12,244,229.28571428571428,14.714285714285722,15.202492211838006
13,228,229.28571428571428,-1.2857142857142776,14.205607476635516
14,233,229.28571428571428,3.7142857142857224,14.517133956386294
15,230,229.28571428571428,0.7142857142857224,14.330218068535824
16,243,229.28571428571428,13.714285714285722,15.14018691588785
17,223,229.28571428571428,-6.285714285714278,13.894080996884735
18,253,229.28571428571428,23.714285714285722,15.76323987538941
19,242,229.28571428571428,12.714285714285722,15.077881619937694
20,217,229.28571428571428,-12.285714285714278,13.5202492211838
21,227,229.28571428571428,-2.2857142857142776,14.143302180685357
22,233,229.28571428571428,3.7142857142857224,14.517133956386294
23,235,229.28571428571428,5.714285714285722,14.641744548286603
24,228,229.28571428571428,-1.2857142857142776,14.205607476635516
25,241,229.28571428571428,11.714285714285722,15.01557632398754
26,211,229.28571428571428,-18.285714285714278,13.146417445482866
27,228,229.28571428571428,-1.2857142857142776,14.205607476635516
28,207,229.28571428571428,-22.285714285714278,12.897196261682243
29,225,229.28571428571428,-4.285714285714278,14.018691588785046
30,218,229.28571428571428,-11.285714285714278,13.582554517133957
31,250,229.28571428571428,20.714285714285722,15.57632398753894
32,215,229.28571428571428,-14.285714285714278,13.395638629283487
33,229,229.28571428571428,-0.2857142857142776,14.26791277258567
34,218,229.28571428571428,-11.285714285714278,13.582554517133957
35,241,229.28571428571428,11.714285714285722,15.01557632398754
36,244,229.28571428571428,14.714285714285722,15.202492211838006
37,221,229.28571428571428,-8.285714285714278,13.769470404984425
38,216,229.28571428571428,-13.285714285714278,13.457943925233645
39,230,229.28571428571428,0.7142857142857224,14.330218068535824
40,215,229.28571428571428,-14.285714285714278,13.395638629283487
41,250,229.28571428571428,20.714285714285722,15.57632398753894
42,221,229.28571428571428,-8.285714285714278,13.769470404984425
