game,diagnostic,tier,simulation_count,observed_statistic,fair_reference,distribution_mean,distribution_sd,minimum,q01,q05,median,q95,q99,maximum,tail_method,extreme_count,empirical_p_value
3d_lotto,pooled_digit_frequency_chi_square,initial_10000,10000,9.053613053613052,Equal expected frequency for digits 0 through 9.,8.954243679397525,4.245945408645358,0.8825533440918056,2.1053792361484667,3.2725479648556566,8.279003048233816,16.82320243858705,21.291518737672586,41.44916621839698,upper,4311,0.43115688431156884
3d_lotto,maximum_digit_share_deviation,initial_10000,10000,0.0058633674018289395,Maximum absolute share difference from 10%.,0.005277764030840954,0.001482482376649729,0.0014703245472476312,0.002456517841133238,0.0030840953917877084,0.005164066702528239,0.00794333871256947,0.009270216962524655,0.013842567688721538,upper,3233,0.3233676632336766
3d_lotto,repetition_pattern_chi_square,initial_10000,10000,1.6441734903273366,"Fair probabilities: all distinct 72%, one pair 27%, triple 1%.",2.0006610608052915,1.9965059048994247,0.0008915585838662686,0.021810810272348727,0.10810272348733896,1.4006136313828619,5.917677763831609,9.318585260892952,24.80514713207021,upper,4448,0.44485551444855514
3d_lotto,digit_sum_mean,initial_10000,10000,13.357181280258203,13.5,13.501422727272729,0.08212891239083552,13.205217859064012,13.306075847229692,13.364712210866058,13.50322754168908,13.634749865519096,13.694190424959656,13.814954276492738,two_sided,822,0.0822917708229177
3d_lotto,digit_sum_variance,initial_10000,10000,24.575642523491286,24.75,24.751303277824597,0.5165174635077427,22.518420591432324,23.582270039825456,23.917721800870435,24.748263253478378,25.61441828850564,25.971961864008804,26.64447909037218,two_sided,7348,0.7348265173482652
3d_lotto,lag1_digit_sum_correlation,initial_10000,10000,-0.0033140660046086577,0.0,-0.00027064724387378575,0.016280131618913198,-0.06493667710097141,-0.038602947294001,-0.027062206750985227,-0.00025287132479769595,0.02594660264047041,0.037700682017435344,0.05742272300509002,two_sided,8386,0.8386161383861613
3d_lotto,consecutive_multiset_overlap_mean,initial_10000,10000,0.744955609362389,0.7422600000000071,0.7421399515738499,0.011635457076284899,0.6879203658864675,0.7153591606133979,0.7231638418079096,0.7419962335216572,0.7613666935700834,0.7691686844229217,0.7869249394673123,two_sided,8128,0.8128187181281872
3d_lotto,consecutive_multiset_overlap_distribution_chi_square,initial_10000,10000,0.6246153716729533,"Exact fair-process multiset-overlap probabilities; categories 0, 1, and 2+ shared digits.",2.0577343283143104,2.093064527874805,0.000891169171535784,0.019765765825441435,0.10422096855179952,1.4137636226991992,6.179537584148862,9.831687071607778,24.64529078632348,upper,7361,0.7361263873612639
lotto_6_42,marginal_number_frequency_chi_square,initial_10000,10000,24.120872274143306,Equal expected appearance counts; calibration uses without-replacement histories.,35.96791302180685,7.897082616951465,12.0398753894081,19.68090965732087,23.989595015576327,35.456074766355144,49.827663551401855,56.70903426791277,67.996261682243,upper,9480,0.948005199480052
lotto_6_42,maximum_number_count_deviation,initial_10000,10000,23.714285714285722,Maximum absolute count difference from six appearances per draw distributed across 42 numbers.,34.335142857142856,6.129918276747569,18.285714285714278,22.714285714285722,25.285714285714278,33.71428571428572,45.71428571428572,51.71428571428572,68.71428571428572,upper,9828,0.9828017198280172
lotto_6_42,consecutive_set_overlap_mean,initial_10000,10000,0.864713216957606,0.8571428571428571,0.8575054862842894,0.019933265959425503,0.7817955112219451,0.8123441396508728,0.8248129675810474,0.85785536159601,0.8908977556109726,0.9039900249376559,0.9276807980049875,two_sided,7093,0.7093290670932907
lotto_6_42,consecutive_set_overlap_distribution_chi_square,initial_10000,10000,4.024440573146409,"Hypergeometric probabilities; test categories 0, 1, 2, and 3+ shared numbers.",3.001009896431317,2.4595336924735687,0.003956193067393183,0.11324862100078142,0.3442573240282044,2.382291208096758,7.758498719521446,11.291006239105107,19.71359837228865,upper,2604,0.26047395260473954
lotto_6_42,odd_count_mean,initial_10000,10000,3.0361370716510905,3.0,2.999826230529595,0.02861547503710747,2.884735202492212,2.932710280373832,2.953239875389408,2.9993769470404983,3.046728971962617,3.06791277258567,3.1046728971962616,two_sided,2108,0.21087891210878912
lotto_6_42,odd_count_distribution_chi_square,initial_10000,10000,6.471533894394328,Hypergeometric probabilities for selecting from 21 odd and 21 even values.,5.883177912656879,3.375719772184161,0.07135711430552377,0.8904766652668986,1.6475154158531755,5.215891644541074,12.28891242487339,16.102913262148736,27.563899134760945,upper,3538,0.3538646135386461
lotto_6_42,draw_sum_mean,initial_10000,10000,128.57632398753893,129.0,128.99681912772584,0.7003610965975543,126.40560747663551,127.40620560747664,127.86105919003116,128.98940809968846,130.15890965732086,130.63932087227414,131.9264797507788,two_sided,5453,0.5453454654534546
lotto_6_42,draw_sum_variance,initial_10000,10000,771.8478181493307,774.0,773.872043636858,26.1310038657387,674.1004599094165,714.4772993761703,732.1399604571127,773.4826489073266,817.0156897864372,835.3716347060697,877.8386797803,two_sided,9365,0.9365063493650635
