digit,observed_count,expected_count,difference,observed_pct
0,1154,1115.4,38.59999999999991,10.346064192218037
1,1147,1115.4,31.59999999999991,10.283306437152591
2,1123,1115.4,7.599999999999909,10.068136991213915
3,1095,1115.4,-20.40000000000009,9.817105970952126
4,1122,1115.4,6.599999999999909,10.059171597633137
5,1121,1115.4,5.599999999999909,10.050206204052357
6,1091,1115.4,-24.40000000000009,9.781244396629011
7,1157,1115.4,41.59999999999991,10.372960372960373
8,1050,1115.4,-65.40000000000009,9.413663259817106
9,1094,1115.4,-21.40000000000009,9.808140577371347
