game,feature_group,state,training_draws,candidate_draw_cells,draws_with_state,conditional_presence_rate,unconditional_empirical_presence_rate,fair_marginal_presence_probability,rate_difference_from_empirical_baseline,paired_draw_bootstrap_delta_ci95_low,paired_draw_bootstrap_delta_ci95_high,conditional_mean_multiplicity,multiplicity_bootstrap_ci95_low,multiplicity_bootstrap_ci95_high,bootstrap_resamples,whole_draw_rows_resampled
3d_lotto,previous_draw_appearance,absent,2170,15856,2170,0.26765893037336025,0.2692626728110599,0.2709999999999999,-0.0016037424376996734,-0.005424946504116244,0.0021102864492581275,0.2988143289606458,0.29438121742046575,0.30322133266090906,10000,True
3d_lotto,previous_draw_appearance,present,2170,5844,2170,0.27361396303901436,0.2692626728110599,0.2709999999999999,0.004351290227954441,-0.005720608312413632,0.014728382319020402,0.30321697467488024,0.2912447503343437,0.31524155307082896,10000,True
3d_lotto,previous_10_frequency,quantile_bin_1,2170,2471,1673,0.2646701740186159,0.2692626728110599,0.2709999999999999,-0.004592498792444,-0.021369348106263973,0.012180929346413355,0.28935653581545934,0.2700464935841464,0.308415308691044,10000,True
3d_lotto,previous_10_frequency,quantile_bin_2,2170,4200,1954,0.26976190476190476,0.2692626728110599,0.2709999999999999,0.0004992319508448362,-0.01121789761524594,0.012690212240216986,0.3026190476190476,0.2886247369437695,0.3170390224865434,10000,True
3d_lotto,previous_10_frequency,quantile_bin_3,2170,5612,2076,0.2683535281539558,0.2692626728110599,0.2709999999999999,-0.0009091446571041217,-0.010901759940205471,0.009456955668219028,0.3000712758374911,0.28819669659743624,0.31212351099904356,10000,True
3d_lotto,previous_10_frequency,quantile_bin_4,2170,5726,2105,0.2775061124694376,0.2692626728110599,0.2709999999999999,0.008243439658377705,-0.0017864871145278694,0.018252340736572937,0.30841774362556756,0.2966065246492523,0.31999333041008404,10000,True
3d_lotto,previous_10_frequency,quantile_bin_5,2170,3691,2017,0.260363045245191,0.2692626728110599,0.2709999999999999,-0.008899627565868928,-0.022724393901353952,0.004664016406906293,0.29097805472771604,0.2746419412911099,0.30719364889781636,10000,True
3d_lotto,previous_30_frequency,quantile_bin_1,2170,3368,1957,0.26870546318289784,0.2692626728110599,0.2709999999999999,-0.0005572096281620809,-0.014596467826299274,0.013562591090726925,0.2980997624703088,0.2814895826496965,0.31456375169668,10000,True
3d_lotto,previous_30_frequency,quantile_bin_2,2170,3767,1887,0.26015396867533847,0.2692626728110599,0.2709999999999999,-0.009108704135721457,-0.022114997624736066,0.003980517822024215,0.29413326254313776,0.2785917083425866,0.31002087682672236,10000,True
3d_lotto,previous_30_frequency,quantile_bin_3,2170,4617,1970,0.2694390296729478,0.2692626728110599,0.2709999999999999,0.00017635686188788302,-0.011222991457089588,0.011546821121221304,0.29716265973575917,0.28397463615853424,0.3103294770835931,10000,True
3d_lotto,previous_30_frequency,quantile_bin_4,2170,4338,1942,0.281005071461503,0.2692626728110599,0.2709999999999999,0.011742398650443076,-6.599018573477233e-05,0.023834264038296884,0.31212540341171047,0.2982696957182437,0.32643524565008714,10000,True
3d_lotto,previous_30_frequency,quantile_bin_5,2170,5610,2159,0.26648841354723707,0.2692626728110599,0.2709999999999999,-0.0027742592638228536,-0.013080091902142436,0.007345072119268908,0.2980392156862745,0.285869075668004,0.31024020726688306,10000,True
3d_lotto,previous_100_frequency,quantile_bin_1,2170,3544,1911,0.26410835214446954,0.2692626728110599,0.2709999999999999,-0.005154320666590384,-0.01876587531273667,0.008867456196059356,0.2974040632054176,0.28097744025355026,0.31389804081895994,10000,True
3d_lotto,previous_100_frequency,quantile_bin_2,2170,4316,1924,0.2715477293790547,0.2692626728110599,0.2709999999999999,0.00228505656799477,-0.009416283865949199,0.014137337692809362,0.3009731232622799,0.28731154919824287,0.31484908006196793,10000,True
3d_lotto,previous_100_frequency,quantile_bin_3,2170,4234,1929,0.27798771846953235,0.2692626728110599,0.2709999999999999,0.00872504565847243,-0.0034788987438636575,0.020708798892900823,0.3103448275862069,0.29574791367969994,0.3247949169584927,10000,True
3d_lotto,previous_100_frequency,quantile_bin_4,2170,4556,1956,0.2728270412642669,0.2692626728110599,0.2709999999999999,0.0035643684532069564,-0.00813235853653627,0.015364983467744685,0.305531167690957,0.29186556185860063,0.3197052549494741,10000,True
3d_lotto,previous_100_frequency,quantile_bin_5,2170,5050,2136,0.2603960396039604,0.2692626728110599,0.2709999999999999,-0.008866633207099517,-0.019411609145132826,0.0019372564685062558,0.2873267326732673,0.27500485531171104,0.2998222397787873,10000,True
3d_lotto,gap_since_seen,quantile_bin_2,2170,5844,2170,0.27361396303901436,0.2692626728110599,0.2709999999999999,0.004351290227954441,-0.005720608312413632,0.014728382319020402,0.30321697467488024,0.2912447503343437,0.31524155307082896,10000,True
3d_lotto,gap_since_seen,quantile_bin_3,2170,5432,2147,0.27264359351988215,0.2692626728110599,0.2709999999999999,0.0033809207088222326,-0.00703823694613546,0.013787862483050408,0.30633284241531666,0.2935861396329615,0.3185185859689593,10000,True
3d_lotto,gap_since_seen,quantile_bin_4,2170,5285,2117,0.2630085146641438,0.2692626728110599,0.2709999999999999,-0.0062541581469161,-0.01672032890165289,0.0043450912405294095,0.2944181646168401,0.2820652145887197,0.30689147581034076,10000,True
3d_lotto,gap_since_seen,quantile_bin_5,2170,5139,2123,0.26717260167347734,0.2692626728110599,0.2709999999999999,-0.002090071137582583,-0.012993041207105923,0.008683326576511713,0.29538820782253356,0.28277607427228335,0.3080336122116059,10000,True
lotto_6_42,previous_draw_appearance,absent,902,32472,902,0.14329268292682926,0.14285714285714285,0.14285714285714285,0.00043554006968640757,-0.0010426565304614,0.0018521451448280934,,,,10000,True
lotto_6_42,previous_draw_appearance,present,902,5412,902,0.1402439024390244,0.14285714285714285,0.14285714285714285,-0.0026132404181184454,-0.011112870868968422,0.006255939182768455,,,,10000,True
lotto_6_42,previous_10_frequency,quantile_bin_1,902,2070,869,0.16328502415458937,0.14285714285714285,0.14285714285714285,0.02042788129744652,0.005804886924535252,0.035449128289852264,,,,10000,True
lotto_6_42,previous_10_frequency,quantile_bin_2,902,10123,902,0.14037340709275906,0.14285714285714285,0.14285714285714285,-0.002483735764383793,-0.00825503605021822,0.0032837632098368795,,,,10000,True
lotto_6_42,previous_10_frequency,quantile_bin_3,902,13986,902,0.13949663949663949,0.14285714285714285,0.14285714285714285,-0.003360503360503364,-0.00794406138483479,0.0012590383003034794,,,,10000,True
lotto_6_42,previous_10_frequency,quantile_bin_4,902,11115,902,0.1440395861448493,0.14285714285714285,0.14285714285714285,0.0011824432877064472,-0.0043127928562525985,0.006587952536033539,,,,10000,True
lotto_6_42,previous_10_frequency,quantile_bin_5,902,590,472,0.1711864406779661,0.14285714285714285,0.14285714285714285,0.028329297820823246,-0.00077105762696633,0.058796094057457685,,,,10000,True
lotto_6_42,previous_30_frequency,quantile_bin_1,902,5065,901,0.15320829220138205,0.14285714285714285,0.14285714285714285,0.010351149344239197,0.0014933677033765712,0.019390272689523196,,,,10000,True
lotto_6_42,previous_30_frequency,quantile_bin_2,902,6646,902,0.14775804995486005,0.14285714285714285,0.14285714285714285,0.004900907097717205,-0.0024234984792369674,0.012419544634558185,,,,10000,True
lotto_6_42,previous_30_frequency,quantile_bin_3,902,8485,902,0.13682969946965232,0.14285714285714285,0.14285714285714285,-0.006027443387490533,-0.012677649358056,0.0006695810134247003,,,,10000,True
lotto_6_42,previous_30_frequency,quantile_bin_4,902,8710,902,0.139150401836969,0.14285714285714285,0.14285714285714285,-0.003706741020173848,-0.010090459309207028,0.0027060294656908956,,,,10000,True
lotto_6_42,previous_30_frequency,quantile_bin_5,902,8978,902,0.14268211182891513,0.14285714285714285,0.14285714285714285,-0.00017503102822771788,-0.006861713207624426,0.006535029807051589,,,,10000,True
lotto_6_42,previous_100_frequency,quantile_bin_1,902,6135,902,0.1530562347188264,0.14285714285714285,0.14285714285714285,0.010199091861683551,0.0016126524102636763,0.018805067425990356,,,,10000,True
lotto_6_42,previous_100_frequency,quantile_bin_2,902,6939,902,0.14440121054907046,0.14285714285714285,0.14285714285714285,0.0015440676919276086,-0.005791784323020799,0.008940563646590625,,,,10000,True
lotto_6_42,previous_100_frequency,quantile_bin_3,902,6818,902,0.14271047227926079,0.14285714285714285,0.14285714285714285,-0.00014667057788206317,-0.007537741641787887,0.007223851544758734,,,,10000,True
lotto_6_42,previous_100_frequency,quantile_bin_4,902,8677,902,0.13933387115362453,0.14285714285714285,0.14285714285714285,-0.0035232717035183214,-0.009935686099206396,0.002897459541064009,,,,10000,True
lotto_6_42,previous_100_frequency,quantile_bin_5,902,9315,902,0.13837895866881375,0.14285714285714285,0.14285714285714285,-0.0044781841883290985,-0.01077368708367184,0.0018855568990377494,,,,10000,True
lotto_6_42,gap_since_seen,quantile_bin_1,902,5412,902,0.1402439024390244,0.14285714285714285,0.14285714285714285,-0.0026132404181184454,-0.011112870868968422,0.006255939182768455,,,,10000,True
lotto_6_42,gap_since_seen,quantile_bin_2,902,8198,902,0.141375945352525,0.14285714285714285,0.14285714285714285,-0.0014811975046178372,-0.008146181471872257,0.005223629117300424,,,,10000,True
lotto_6_42,gap_since_seen,quantile_bin_3,902,8003,902,0.14794452080469825,0.14285714285714285,0.14285714285714285,0.005087377947555399,-0.0020050747910640987,0.012145852689510466,,,,10000,True
lotto_6_42,gap_since_seen,quantile_bin_4,902,8050,902,0.1386335403726708,0.14285714285714285,0.14285714285714285,-0.004223602484472039,-0.010679016344354014,0.002326436653867943,,,,10000,True
lotto_6_42,gap_since_seen,quantile_bin_5,902,8221,902,0.1452378056197543,0.14285714285714285,0.14285714285714285,0.002380662762611452,-0.004350676266358519,0.009216027874564464,,,,10000,True
