game,diagnostic_type,metric,start_date,end_date,start_index_in_development_prefix,end_index_exclusive,window_draws,value,p_value,bh_q_within_change_family,interpretation_limit,estimated_cut_after_date,permutations
3d_lotto,rolling_window,marginal_digit_entropy_nats,2016-04-16,2016-12-21,0,250,250,2.297688136510183,,,descriptive only; train plus validation development prefix,,
3d_lotto,rolling_window,marginal_max_absolute_deviation_from_fair,2016-04-16,2016-12-21,0,250,250,0.013333333333333336,,,descriptive only; train plus validation development prefix,,
3d_lotto,rolling_window,draw_sum_mean,2016-04-16,2016-12-21,0,250,250,13.144,,,descriptive only; train plus validation development prefix,,
3d_lotto,rolling_window,pattern_all_distinct_rate,2016-04-16,2016-12-21,0,250,250,0.672,,,descriptive only; train plus validation development prefix,,
3d_lotto,rolling_window,pattern_one_pair_rate,2016-04-16,2016-12-21,0,250,250,0.308,,,descriptive only; train plus validation development prefix,,
3d_lotto,rolling_window,pattern_triple_rate,2016-04-16,2016-12-21,0,250,250,0.02,,,descriptive only; train plus validation development prefix,,
3d_lotto,rolling_window,previous_draw_overlap_mean,2016-04-16,2016-12-21,0,250,250,0.7670682730923695,,,descriptive only; train plus validation development prefix,,
3d_lotto,rolling_window,marginal_digit_entropy_nats,2016-07-25,2017-04-02,100,350,250,2.292234563338399,,,descriptive only; train plus validation development prefix,,
3d_lotto,rolling_window,marginal_max_absolute_deviation_from_fair,2016-07-25,2017-04-02,100,350,250,0.026666666666666672,,,descriptive only; train plus validation development prefix,,
3d_lotto,rolling_window,draw_sum_mean,2016-07-25,2017-04-02,100,350,250,13.136,,,descriptive only; train plus validation development prefix,,
3d_lotto,rolling_window,pattern_all_distinct_rate,2016-07-25,2017-04-02,100,350,250,0.704,,,descriptive only; train plus validation development prefix,,
3d_lotto,rolling_window,pattern_one_pair_rate,2016-07-25,2017-04-02,100,350,250,0.284,,,descriptive only; train plus validation development prefix,,
3d_lotto,rolling_window,pattern_triple_rate,2016-07-25,2017-04-02,100,350,250,0.012,,,descriptive only; train plus validation development prefix,,
3d_lotto,rolling_window,previous_draw_overlap_mean,2016-07-25,2017-04-02,100,350,250,0.7469879518072289,,,descriptive only; train plus validation development prefix,,
3d_lotto,rolling_window,marginal_digit_entropy_nats,2016-11-02,2017-07-15,200,450,250,2.29529940597732,,,descriptive only; train plus validation development prefix,,
3d_lotto,rolling_window,marginal_max_absolute_deviation_from_fair,2016-11-02,2017-07-15,200,450,250,0.021333333333333343,,,descriptive only; train plus validation development prefix,,
3d_lotto,rolling_window,draw_sum_mean,2016-11-02,2017-07-15,200,450,250,13.32,,,descriptive only; train plus validation development prefix,,
3d_lotto,rolling_window,pattern_all_distinct_rate,2016-11-02,2017-07-15,200,450,250,0.716,,,descriptive only; train plus validation development prefix,,
3d_lotto,rolling_window,pattern_one_pair_rate,2016-11-02,2017-07-15,200,450,250,0.276,,,descriptive only; train plus validation development prefix,,
3d_lotto,rolling_window,pattern_triple_rate,2016-11-02,2017-07-15,200,450,250,0.008,,,descriptive only; train plus validation development prefix,,
3d_lotto,rolling_window,previous_draw_overlap_mean,2016-11-02,2017-07-15,200,450,250,0.7469879518072289,,,descriptive only; train plus validation development prefix,,
3d_lotto,rolling_window,marginal_digit_entropy_nats,2017-02-12,2017-10-23,300,550,250,2.2962311597957425,,,descriptive only; train plus validation development prefix,,
3d_lotto,rolling_window,marginal_max_absolute_deviation_from_fair,2017-02-12,2017-10-23,300,550,250,0.020000000000000004,,,descriptive only; train plus validation development prefix,,
3d_lotto,rolling_window,draw_sum_mean,2017-02-12,2017-10-23,300,550,250,13.36,,,descriptive only; train plus validation development prefix,,
3d_lotto,rolling_window,pattern_all_distinct_rate,2017-02-12,2017-10-23,300,550,250,0.688,,,descriptive only; train plus validation development prefix,,
3d_lotto,rolling_window,pattern_one_pair_rate,2017-02-12,2017-10-23,300,550,250,0.304,,,descriptive only; train plus validation development prefix,,
3d_lotto,rolling_window,pattern_triple_rate,2017-02-12,2017-10-23,300,550,250,0.008,,,descriptive only; train plus validation development prefix,,
3d_lotto,rolling_window,previous_draw_overlap_mean,2017-02-12,2017-10-23,300,550,250,0.7188755020080321,,,descriptive only; train plus validation development prefix,,
3d_lotto,rolling_window,marginal_digit_entropy_nats,2017-05-27,2018-02-02,400,650,250,2.299517675804257,,,descriptive only; train plus validation development prefix,,
3d_lotto,rolling_window,marginal_max_absolute_deviation_from_fair,2017-05-27,2018-02-02,400,650,250,0.014666666666666675,,,descriptive only; train plus validation development prefix,,
3d_lotto,rolling_window,draw_sum_mean,2017-05-27,2018-02-02,400,650,250,13.212,,,descriptive only; train plus validation development prefix,,
3d_lotto,rolling_window,pattern_all_distinct_rate,2017-05-27,2018-02-02,400,650,250,0.68,,,descriptive only; train plus validation development prefix,,
3d_lotto,rolling_window,pattern_one_pair_rate,2017-05-27,2018-02-02,400,650,250,0.312,,,descriptive only; train plus validation development prefix,,
3d_lotto,rolling_window,pattern_triple_rate,2017-05-27,2018-02-02,400,650,250,0.008,,,descriptive only; train plus validation development prefix,,
3d_lotto,rolling_window,previous_draw_overlap_mean,2017-05-27,2018-02-02,400,650,250,0.6907630522088354,,,descriptive only; train plus validation development prefix,,
3d_lotto,rolling_window,marginal_digit_entropy_nats,2017-09-04,2018-05-17,500,750,250,2.2997580678683294,,,descriptive only; train plus validation development prefix,,
3d_lotto,rolling_window,marginal_max_absolute_deviation_from_fair,2017-09-04,2018-05-17,500,750,250,0.017333333333333326,,,descriptive only; train plus validation development prefix,,
3d_lotto,rolling_window,draw_sum_mean,2017-09-04,2018-05-17,500,750,250,13.452,,,descriptive only; train plus validation development prefix,,
3d_lotto,rolling_window,pattern_all_distinct_rate,2017-09-04,2018-05-17,500,750,250,0.7,,,descriptive only; train plus validation development prefix,,
3d_lotto,rolling_window,pattern_one_pair_rate,2017-09-04,2018-05-17,500,750,250,0.296,,,descriptive only; train plus validation development prefix,,
3d_lotto,rolling_window,pattern_triple_rate,2017-09-04,2018-05-17,500,750,250,0.004,,,descriptive only; train plus validation development prefix,,
3d_lotto,rolling_window,previous_draw_overlap_mean,2017-09-04,2018-05-17,500,750,250,0.7188755020080321,,,descriptive only; train plus validation development prefix,,
3d_lotto,rolling_window,marginal_digit_entropy_nats,2017-12-13,2018-08-25,600,850,250,2.3009043104833666,,,descriptive only; train plus validation development prefix,,
3d_lotto,rolling_window,marginal_max_absolute_deviation_from_fair,2017-12-13,2018-08-25,600,850,250,0.010666666666666672,,,descriptive only; train plus validation development prefix,,
3d_lotto,rolling_window,draw_sum_mean,2017-12-13,2018-08-25,600,850,250,13.36,,,descriptive only; train plus validation development prefix,,
3d_lotto,rolling_window,pattern_all_distinct_rate,2017-12-13,2018-08-25,600,850,250,0.716,,,descriptive only; train plus validation development prefix,,
3d_lotto,rolling_window,pattern_one_pair_rate,2017-12-13,2018-08-25,600,850,250,0.276,,,descriptive only; train plus validation development prefix,,
3d_lotto,rolling_window,pattern_triple_rate,2017-12-13,2018-08-25,600,850,250,0.008,,,descriptive only; train plus validation development prefix,,
3d_lotto,rolling_window,previous_draw_overlap_mean,2017-12-13,2018-08-25,600,850,250,0.7429718875502008,,,descriptive only; train plus validation development prefix,,
3d_lotto,rolling_window,marginal_digit_entropy_nats,2018-03-25,2018-12-03,700,950,250,2.2970773945804512,,,descriptive only; train plus validation development prefix,,
3d_lotto,rolling_window,marginal_max_absolute_deviation_from_fair,2018-03-25,2018-12-03,700,950,250,0.025333333333333333,,,descriptive only; train plus validation development prefix,,
3d_lotto,rolling_window,draw_sum_mean,2018-03-25,2018-12-03,700,950,250,13.24,,,descriptive only; train plus validation development prefix,,
3d_lotto,rolling_window,pattern_all_distinct_rate,2018-03-25,2018-12-03,700,950,250,0.744,,,descriptive only; train plus validation development prefix,,
3d_lotto,rolling_window,pattern_one_pair_rate,2018-03-25,2018-12-03,700,950,250,0.248,,,descriptive only; train plus validation development prefix,,
3d_lotto,rolling_window,pattern_triple_rate,2018-03-25,2018-12-03,700,950,250,0.008,,,descriptive only; train plus validation development prefix,,
3d_lotto,rolling_window,previous_draw_overlap_mean,2018-03-25,2018-12-03,700,950,250,0.7710843373493976,,,descriptive only; train plus validation development prefix,,
3d_lotto,rolling_window,marginal_digit_entropy_nats,2018-07-07,2019-03-17,800,1050,250,2.2911591646142035,,,descriptive only; train plus validation development prefix,,
3d_lotto,rolling_window,marginal_max_absolute_deviation_from_fair,2018-07-07,2019-03-17,800,1050,250,0.029333333333333322,,,descriptive only; train plus validation development prefix,,
3d_lotto,rolling_window,draw_sum_mean,2018-07-07,2019-03-17,800,1050,250,13.004,,,descriptive only; train plus validation development prefix,,
3d_lotto,rolling_window,pattern_all_distinct_rate,2018-07-07,2019-03-17,800,1050,250,0.764,,,descriptive only; train plus validation development prefix,,
3d_lotto,rolling_window,pattern_one_pair_rate,2018-07-07,2019-03-17,800,1050,250,0.228,,,descriptive only; train plus validation development prefix,,
3d_lotto,rolling_window,pattern_triple_rate,2018-07-07,2019-03-17,800,1050,250,0.008,,,descriptive only; train plus validation development prefix,,
3d_lotto,rolling_window,previous_draw_overlap_mean,2018-07-07,2019-03-17,800,1050,250,0.8112449799196787,,,descriptive only; train plus validation development prefix,,
3d_lotto,rolling_window,marginal_digit_entropy_nats,2018-10-15,2019-06-29,900,1150,250,2.2910191109404905,,,descriptive only; train plus validation development prefix,,
3d_lotto,rolling_window,marginal_max_absolute_deviation_from_fair,2018-10-15,2019-06-29,900,1150,250,0.036000000000000004,,,descriptive only; train plus validation development prefix,,
3d_lotto,rolling_window,draw_sum_mean,2018-10-15,2019-06-29,900,1150,250,13.308,,,descriptive only; train plus validation development prefix,,
3d_lotto,rolling_window,pattern_all_distinct_rate,2018-10-15,2019-06-29,900,1150,250,0.732,,,descriptive only; train plus validation development prefix,,
3d_lotto,rolling_window,pattern_one_pair_rate,2018-10-15,2019-06-29,900,1150,250,0.26,,,descriptive only; train plus validation development prefix,,
3d_lotto,rolling_window,pattern_triple_rate,2018-10-15,2019-06-29,900,1150,250,0.008,,,descriptive only; train plus validation development prefix,,
3d_lotto,rolling_window,previous_draw_overlap_mean,2018-10-15,2019-06-29,900,1150,250,0.7710843373493976,,,descriptive only; train plus validation development prefix,,
3d_lotto,rolling_window,marginal_digit_entropy_nats,2019-01-27,2019-10-07,1000,1250,250,2.2931588560635343,,,descriptive only; train plus validation development prefix,,
3d_lotto,rolling_window,marginal_max_absolute_deviation_from_fair,2019-01-27,2019-10-07,1000,1250,250,0.027999999999999997,,,descriptive only; train plus validation development prefix,,
3d_lotto,rolling_window,draw_sum_mean,2019-01-27,2019-10-07,1000,1250,250,13.52,,,descriptive only; train plus validation development prefix,,
3d_lotto,rolling_window,pattern_all_distinct_rate,2019-01-27,2019-10-07,1000,1250,250,0.716,,,descriptive only; train plus validation development prefix,,
3d_lotto,rolling_window,pattern_one_pair_rate,2019-01-27,2019-10-07,1000,1250,250,0.272,,,descriptive only; train plus validation development prefix,,
3d_lotto,rolling_window,pattern_triple_rate,2019-01-27,2019-10-07,1000,1250,250,0.012,,,descriptive only; train plus validation development prefix,,
3d_lotto,rolling_window,previous_draw_overlap_mean,2019-01-27,2019-10-07,1000,1250,250,0.7228915662650602,,,descriptive only; train plus validation development prefix,,
3d_lotto,rolling_window,marginal_digit_entropy_nats,2019-05-11,2020-01-17,1100,1350,250,2.296318008376586,,,descriptive only; train plus validation development prefix,,
3d_lotto,rolling_window,marginal_max_absolute_deviation_from_fair,2019-05-11,2020-01-17,1100,1350,250,0.023999999999999994,,,descriptive only; train plus validation development prefix,,
3d_lotto,rolling_window,draw_sum_mean,2019-05-11,2020-01-17,1100,1350,250,13.236,,,descriptive only; train plus validation development prefix,,
3d_lotto,rolling_window,pattern_all_distinct_rate,2019-05-11,2020-01-17,1100,1350,250,0.676,,,descriptive only; train plus validation development prefix,,
3d_lotto,rolling_window,pattern_one_pair_rate,2019-05-11,2020-01-17,1100,1350,250,0.308,,,descriptive only; train plus validation development prefix,,
3d_lotto,rolling_window,pattern_triple_rate,2019-05-11,2020-01-17,1100,1350,250,0.016,,,descriptive only; train plus validation development prefix,,
3d_lotto,rolling_window,previous_draw_overlap_mean,2019-05-11,2020-01-17,1100,1350,250,0.678714859437751,,,descriptive only; train plus validation development prefix,,
3d_lotto,rolling_window,marginal_digit_entropy_nats,2019-08-19,2020-10-01,1200,1450,250,2.296774576827382,,,descriptive only; train plus validation development prefix,,
3d_lotto,rolling_window,marginal_max_absolute_deviation_from_fair,2019-08-19,2020-10-01,1200,1450,250,0.018666666666666665,,,descriptive only; train plus validation development prefix,,
3d_lotto,rolling_window,draw_sum_mean,2019-08-19,2020-10-01,1200,1450,250,12.94,,,descriptive only; train plus validation development prefix,,
3d_lotto,rolling_window,pattern_all_distinct_rate,2019-08-19,2020-10-01,1200,1450,250,0.664,,,descriptive only; train plus validation development prefix,,
3d_lotto,rolling_window,pattern_one_pair_rate,2019-08-19,2020-10-01,1200,1450,250,0.32,,,descriptive only; train plus validation development prefix,,
3d_lotto,rolling_window,pattern_triple_rate,2019-08-19,2020-10-01,1200,1450,250,0.016,,,descriptive only; train plus validation development prefix,,
3d_lotto,rolling_window,previous_draw_overlap_mean,2019-08-19,2020-10-01,1200,1450,250,0.7068273092369478,,,descriptive only; train plus validation development prefix,,
3d_lotto,rolling_window,marginal_digit_entropy_nats,2019-11-27,2021-01-11,1300,1550,250,2.2980613172216646,,,descriptive only; train plus validation development prefix,,
3d_lotto,rolling_window,marginal_max_absolute_deviation_from_fair,2019-11-27,2021-01-11,1300,1550,250,0.014666666666666675,,,descriptive only; train plus validation development prefix,,
3d_lotto,rolling_window,draw_sum_mean,2019-11-27,2021-01-11,1300,1550,250,12.928,,,descriptive only; train plus validation development prefix,,
3d_lotto,rolling_window,pattern_all_distinct_rate,2019-11-27,2021-01-11,1300,1550,250,0.716,,,descriptive only; train plus validation development prefix,,
3d_lotto,rolling_window,pattern_one_pair_rate,2019-11-27,2021-01-11,1300,1550,250,0.28,,,descriptive only; train plus validation development prefix,,
3d_lotto,rolling_window,pattern_triple_rate,2019-11-27,2021-01-11,1300,1550,250,0.004,,,descriptive only; train plus validation development prefix,,
3d_lotto,rolling_window,previous_draw_overlap_mean,2019-11-27,2021-01-11,1300,1550,250,0.7710843373493976,,,descriptive only; train plus validation development prefix,,
3d_lotto,rolling_window,marginal_digit_entropy_nats,2020-03-08,2021-04-25,1400,1650,250,2.2932564351474074,,,descriptive only; train plus validation development prefix,,
3d_lotto,rolling_window,marginal_max_absolute_deviation_from_fair,2020-03-08,2021-04-25,1400,1650,250,0.02133333333333333,,,descriptive only; train plus validation development prefix,,
3d_lotto,rolling_window,draw_sum_mean,2020-03-08,2021-04-25,1400,1650,250,13.428,,,descriptive only; train plus validation development prefix,,
3d_lotto,rolling_window,pattern_all_distinct_rate,2020-03-08,2021-04-25,1400,1650,250,0.716,,,descriptive only; train plus validation development prefix,,
3d_lotto,rolling_window,pattern_one_pair_rate,2020-03-08,2021-04-25,1400,1650,250,0.28,,,descriptive only; train plus validation development prefix,,
3d_lotto,rolling_window,pattern_triple_rate,2020-03-08,2021-04-25,1400,1650,250,0.004,,,descriptive only; train plus validation development prefix,,
3d_lotto,rolling_window,previous_draw_overlap_mean,2020-03-08,2021-04-25,1400,1650,250,0.7469879518072289,,,descriptive only; train plus validation development prefix,,
3d_lotto,rolling_window,marginal_digit_entropy_nats,2020-11-21,2021-08-03,1500,1750,250,2.2973968884357205,,,descriptive only; train plus validation development prefix,,
3d_lotto,rolling_window,marginal_max_absolute_deviation_from_fair,2020-11-21,2021-08-03,1500,1750,250,0.01733333333333334,,,descriptive only; train plus validation development prefix,,
3d_lotto,rolling_window,draw_sum_mean,2020-11-21,2021-08-03,1500,1750,250,13.424,,,descriptive only; train plus validation development prefix,,
3d_lotto,rolling_window,pattern_all_distinct_rate,2020-11-21,2021-08-03,1500,1750,250,0.704,,,descriptive only; train plus validation development prefix,,
3d_lotto,rolling_window,pattern_one_pair_rate,2020-11-21,2021-08-03,1500,1750,250,0.296,,,descriptive only; train plus validation development prefix,,
3d_lotto,rolling_window,pattern_triple_rate,2020-11-21,2021-08-03,1500,1750,250,0.0,,,descriptive only; train plus validation development prefix,,
3d_lotto,rolling_window,previous_draw_overlap_mean,2020-11-21,2021-08-03,1500,1750,250,0.7028112449799196,,,descriptive only; train plus validation development prefix,,
3d_lotto,rolling_window,marginal_digit_entropy_nats,2021-03-03,2021-11-11,1600,1850,250,2.3014668624872296,,,descriptive only; train plus validation development prefix,,
3d_lotto,rolling_window,marginal_max_absolute_deviation_from_fair,2021-03-03,2021-11-11,1600,1850,250,0.009333333333333332,,,descriptive only; train plus validation development prefix,,
3d_lotto,rolling_window,draw_sum_mean,2021-03-03,2021-11-11,1600,1850,250,13.488,,,descriptive only; train plus validation development prefix,,
3d_lotto,rolling_window,pattern_all_distinct_rate,2021-03-03,2021-11-11,1600,1850,250,0.708,,,descriptive only; train plus validation development prefix,,
3d_lotto,rolling_window,pattern_one_pair_rate,2021-03-03,2021-11-11,1600,1850,250,0.288,,,descriptive only; train plus validation development prefix,,
3d_lotto,rolling_window,pattern_triple_rate,2021-03-03,2021-11-11,1600,1850,250,0.004,,,descriptive only; train plus validation development prefix,,
3d_lotto,rolling_window,previous_draw_overlap_mean,2021-03-03,2021-11-11,1600,1850,250,0.7429718875502008,,,descriptive only; train plus validation development prefix,,
3d_lotto,rolling_window,marginal_digit_entropy_nats,2021-06-15,2022-02-21,1700,1950,250,2.298594883565877,,,descriptive only; train plus validation development prefix,,
3d_lotto,rolling_window,marginal_max_absolute_deviation_from_fair,2021-06-15,2022-02-21,1700,1950,250,0.020000000000000004,,,descriptive only; train plus validation development prefix,,
3d_lotto,rolling_window,draw_sum_mean,2021-06-15,2022-02-21,1700,1950,250,13.664,,,descriptive only; train plus validation development prefix,,
3d_lotto,rolling_window,pattern_all_distinct_rate,2021-06-15,2022-02-21,1700,1950,250,0.68,,,descriptive only; train plus validation development prefix,,
3d_lotto,rolling_window,pattern_one_pair_rate,2021-06-15,2022-02-21,1700,1950,250,0.312,,,descriptive only; train plus validation development prefix,,
3d_lotto,rolling_window,pattern_triple_rate,2021-06-15,2022-02-21,1700,1950,250,0.008,,,descriptive only; train plus validation development prefix,,
3d_lotto,rolling_window,previous_draw_overlap_mean,2021-06-15,2022-02-21,1700,1950,250,0.7309236947791165,,,descriptive only; train plus validation development prefix,,
3d_lotto,rolling_window,marginal_digit_entropy_nats,2021-09-23,2022-06-05,1800,2050,250,2.29586762156314,,,descriptive only; train plus validation development prefix,,
3d_lotto,rolling_window,marginal_max_absolute_deviation_from_fair,2021-09-23,2022-06-05,1800,2050,250,0.02133333333333333,,,descriptive only; train plus validation development prefix,,
3d_lotto,rolling_window,draw_sum_mean,2021-09-23,2022-06-05,1800,2050,250,14.096,,,descriptive only; train plus validation development prefix,,
3d_lotto,rolling_window,pattern_all_distinct_rate,2021-09-23,2022-06-05,1800,2050,250,0.68,,,descriptive only; train plus validation development prefix,,
3d_lotto,rolling_window,pattern_one_pair_rate,2021-09-23,2022-06-05,1800,2050,250,0.316,,,descriptive only; train plus validation development prefix,,
3d_lotto,rolling_window,pattern_triple_rate,2021-09-23,2022-06-05,1800,2050,250,0.004,,,descriptive only; train plus validation development prefix,,
3d_lotto,rolling_window,previous_draw_overlap_mean,2021-09-23,2022-06-05,1800,2050,250,0.6867469879518072,,,descriptive only; train plus validation development prefix,,
3d_lotto,rolling_window,marginal_digit_entropy_nats,2022-01-03,2022-09-13,1900,2150,250,2.3000866814315306,,,descriptive only; train plus validation development prefix,,
3d_lotto,rolling_window,marginal_max_absolute_deviation_from_fair,2022-01-03,2022-09-13,1900,2150,250,0.014666666666666675,,,descriptive only; train plus validation development prefix,,
3d_lotto,rolling_window,draw_sum_mean,2022-01-03,2022-09-13,1900,2150,250,13.748,,,descriptive only; train plus validation development prefix,,
3d_lotto,rolling_window,pattern_all_distinct_rate,2022-01-03,2022-09-13,1900,2150,250,0.704,,,descriptive only; train plus validation development prefix,,
3d_lotto,rolling_window,pattern_one_pair_rate,2022-01-03,2022-09-13,1900,2150,250,0.288,,,descriptive only; train plus validation development prefix,,
3d_lotto,rolling_window,pattern_triple_rate,2022-01-03,2022-09-13,1900,2150,250,0.008,,,descriptive only; train plus validation development prefix,,
3d_lotto,rolling_window,previous_draw_overlap_mean,2022-01-03,2022-09-13,1900,2150,250,0.7228915662650602,,,descriptive only; train plus validation development prefix,,
3d_lotto,rolling_window,marginal_digit_entropy_nats,2022-04-13,2022-12-22,2000,2250,250,2.2989854761176796,,,descriptive only; train plus validation development prefix,,
3d_lotto,rolling_window,marginal_max_absolute_deviation_from_fair,2022-04-13,2022-12-22,2000,2250,250,0.014666666666666661,,,descriptive only; train plus validation development prefix,,
3d_lotto,rolling_window,draw_sum_mean,2022-04-13,2022-12-22,2000,2250,250,13.572,,,descriptive only; train plus validation development prefix,,
3d_lotto,rolling_window,pattern_all_distinct_rate,2022-04-13,2022-12-22,2000,2250,250,0.728,,,descriptive only; train plus validation development prefix,,
3d_lotto,rolling_window,pattern_one_pair_rate,2022-04-13,2022-12-22,2000,2250,250,0.264,,,descriptive only; train plus validation development prefix,,
3d_lotto,rolling_window,pattern_triple_rate,2022-04-13,2022-12-22,2000,2250,250,0.008,,,descriptive only; train plus validation development prefix,,
3d_lotto,rolling_window,previous_draw_overlap_mean,2022-04-13,2022-12-22,2000,2250,250,0.8032128514056225,,,descriptive only; train plus validation development prefix,,
3d_lotto,rolling_window,marginal_digit_entropy_nats,2022-07-26,2023-04-03,2100,2350,250,2.29877130744459,,,descriptive only; train plus validation development prefix,,
3d_lotto,rolling_window,marginal_max_absolute_deviation_from_fair,2022-07-26,2023-04-03,2100,2350,250,0.014666666666666661,,,descriptive only; train plus validation development prefix,,
3d_lotto,rolling_window,draw_sum_mean,2022-07-26,2023-04-03,2100,2350,250,13.228,,,descriptive only; train plus validation development prefix,,
3d_lotto,rolling_window,pattern_all_distinct_rate,2022-07-26,2023-04-03,2100,2350,250,0.732,,,descriptive only; train plus validation development prefix,,
3d_lotto,rolling_window,pattern_one_pair_rate,2022-07-26,2023-04-03,2100,2350,250,0.256,,,descriptive only; train plus validation development prefix,,
3d_lotto,rolling_window,pattern_triple_rate,2022-07-26,2023-04-03,2100,2350,250,0.012,,,descriptive only; train plus validation development prefix,,
3d_lotto,rolling_window,previous_draw_overlap_mean,2022-07-26,2023-04-03,2100,2350,250,0.7831325301204819,,,descriptive only; train plus validation development prefix,,
3d_lotto,rolling_window,marginal_digit_entropy_nats,2022-11-03,2023-07-16,2200,2450,250,2.2999891653819757,,,descriptive only; train plus validation development prefix,,
3d_lotto,rolling_window,marginal_max_absolute_deviation_from_fair,2022-11-03,2023-07-16,2200,2450,250,0.014666666666666675,,,descriptive only; train plus validation development prefix,,
3d_lotto,rolling_window,draw_sum_mean,2022-11-03,2023-07-16,2200,2450,250,13.504,,,descriptive only; train plus validation development prefix,,
3d_lotto,rolling_window,pattern_all_distinct_rate,2022-11-03,2023-07-16,2200,2450,250,0.716,,,descriptive only; train plus validation development prefix,,
3d_lotto,rolling_window,pattern_one_pair_rate,2022-11-03,2023-07-16,2200,2450,250,0.28,,,descriptive only; train plus validation development prefix,,
3d_lotto,rolling_window,pattern_triple_rate,2022-11-03,2023-07-16,2200,2450,250,0.004,,,descriptive only; train plus validation development prefix,,
3d_lotto,rolling_window,previous_draw_overlap_mean,2022-11-03,2023-07-16,2200,2450,250,0.7389558232931727,,,descriptive only; train plus validation development prefix,,
3d_lotto,rolling_window,marginal_digit_entropy_nats,2023-02-13,2023-10-24,2300,2550,250,2.298844956406322,,,descriptive only; train plus validation development prefix,,
3d_lotto,rolling_window,marginal_max_absolute_deviation_from_fair,2023-02-13,2023-10-24,2300,2550,250,0.013333333333333336,,,descriptive only; train plus validation development prefix,,
3d_lotto,rolling_window,draw_sum_mean,2023-02-13,2023-10-24,2300,2550,250,13.684,,,descriptive only; train plus validation development prefix,,
3d_lotto,rolling_window,pattern_all_distinct_rate,2023-02-13,2023-10-24,2300,2550,250,0.716,,,descriptive only; train plus validation development prefix,,
3d_lotto,rolling_window,pattern_one_pair_rate,2023-02-13,2023-10-24,2300,2550,250,0.264,,,descriptive only; train plus validation development prefix,,
3d_lotto,rolling_window,pattern_triple_rate,2023-02-13,2023-10-24,2300,2550,250,0.02,,,descriptive only; train plus validation development prefix,,
3d_lotto,rolling_window,previous_draw_overlap_mean,2023-02-13,2023-10-24,2300,2550,250,0.7188755020080321,,,descriptive only; train plus validation development prefix,,
3d_lotto,rolling_window,marginal_digit_entropy_nats,2023-05-28,2024-02-03,2400,2650,250,2.298664851707201,,,descriptive only; train plus validation development prefix,,
3d_lotto,rolling_window,marginal_max_absolute_deviation_from_fair,2023-05-28,2024-02-03,2400,2650,250,0.01866666666666668,,,descriptive only; train plus validation development prefix,,
3d_lotto,rolling_window,draw_sum_mean,2023-05-28,2024-02-03,2400,2650,250,13.516,,,descriptive only; train plus validation development prefix,,
3d_lotto,rolling_window,pattern_all_distinct_rate,2023-05-28,2024-02-03,2400,2650,250,0.704,,,descriptive only; train plus validation development prefix,,
3d_lotto,rolling_window,pattern_one_pair_rate,2023-05-28,2024-02-03,2400,2650,250,0.276,,,descriptive only; train plus validation development prefix,,
3d_lotto,rolling_window,pattern_triple_rate,2023-05-28,2024-02-03,2400,2650,250,0.02,,,descriptive only; train plus validation development prefix,,
3d_lotto,rolling_window,previous_draw_overlap_mean,2023-05-28,2024-02-03,2400,2650,250,0.7469879518072289,,,descriptive only; train plus validation development prefix,,
3d_lotto,rolling_window,marginal_digit_entropy_nats,2023-09-05,2024-05-17,2500,2750,250,2.296334628012439,,,descriptive only; train plus validation development prefix,,
3d_lotto,rolling_window,marginal_max_absolute_deviation_from_fair,2023-09-05,2024-05-17,2500,2750,250,0.022666666666666654,,,descriptive only; train plus validation development prefix,,
3d_lotto,rolling_window,draw_sum_mean,2023-09-05,2024-05-17,2500,2750,250,13.404,,,descriptive only; train plus validation development prefix,,
3d_lotto,rolling_window,pattern_all_distinct_rate,2023-09-05,2024-05-17,2500,2750,250,0.728,,,descriptive only; train plus validation development prefix,,
3d_lotto,rolling_window,pattern_one_pair_rate,2023-09-05,2024-05-17,2500,2750,250,0.26,,,descriptive only; train plus validation development prefix,,
3d_lotto,rolling_window,pattern_triple_rate,2023-09-05,2024-05-17,2500,2750,250,0.012,,,descriptive only; train plus validation development prefix,,
3d_lotto,rolling_window,previous_draw_overlap_mean,2023-09-05,2024-05-17,2500,2750,250,0.7469879518072289,,,descriptive only; train plus validation development prefix,,
3d_lotto,rolling_window,marginal_digit_entropy_nats,2023-12-14,2024-08-25,2600,2850,250,2.2943582399498186,,,descriptive only; train plus validation development prefix,,
3d_lotto,rolling_window,marginal_max_absolute_deviation_from_fair,2023-12-14,2024-08-25,2600,2850,250,0.025333333333333333,,,descriptive only; train plus validation development prefix,,
3d_lotto,rolling_window,draw_sum_mean,2023-12-14,2024-08-25,2600,2850,250,13.292,,,descriptive only; train plus validation development prefix,,
3d_lotto,rolling_window,pattern_all_distinct_rate,2023-12-14,2024-08-25,2600,2850,250,0.76,,,descriptive only; train plus validation development prefix,,
3d_lotto,rolling_window,pattern_one_pair_rate,2023-12-14,2024-08-25,2600,2850,250,0.232,,,descriptive only; train plus validation development prefix,,
3d_lotto,rolling_window,pattern_triple_rate,2023-12-14,2024-08-25,2600,2850,250,0.008,,,descriptive only; train plus validation development prefix,,
3d_lotto,rolling_window,previous_draw_overlap_mean,2023-12-14,2024-08-25,2600,2850,250,0.7751004016064257,,,descriptive only; train plus validation development prefix,,
3d_lotto,rolling_window,marginal_digit_entropy_nats,2024-01-28,2024-10-07,2643,2893,250,2.294957627726673,,,descriptive only; train plus validation development prefix,,
3d_lotto,rolling_window,marginal_max_absolute_deviation_from_fair,2024-01-28,2024-10-07,2643,2893,250,0.02266666666666667,,,descriptive only; train plus validation development prefix,,
3d_lotto,rolling_window,draw_sum_mean,2024-01-28,2024-10-07,2643,2893,250,13.192,,,descriptive only; train plus validation development prefix,,
3d_lotto,rolling_window,pattern_all_distinct_rate,2024-01-28,2024-10-07,2643,2893,250,0.752,,,descriptive only; train plus validation development prefix,,
3d_lotto,rolling_window,pattern_one_pair_rate,2024-01-28,2024-10-07,2643,2893,250,0.24,,,descriptive only; train plus validation development prefix,,
3d_lotto,rolling_window,pattern_triple_rate,2024-01-28,2024-10-07,2643,2893,250,0.008,,,descriptive only; train plus validation development prefix,,
3d_lotto,rolling_window,previous_draw_overlap_mean,2024-01-28,2024-10-07,2643,2893,250,0.7751004016064257,,,descriptive only; train plus validation development prefix,,
3d_lotto,jensen_shannon_between_thirds,digit_marginal,2016-04-16,2022-01-31,0,1929,965:964,0.00036875637836497664,,,descriptive divergence; not evidence of a physical mechanism,,
3d_lotto,jensen_shannon_between_thirds,digit_marginal,2016-04-16,2024-10-07,0,2893,965:964,0.0004225286458619383,,,descriptive divergence; not evidence of a physical mechanism,,
3d_lotto,jensen_shannon_between_thirds,digit_marginal,2018-12-19,2024-10-07,965,2893,964:964,0.0004798163638300235,,,descriptive divergence; not evidence of a physical mechanism,,
3d_lotto,jensen_shannon_between_thirds,pattern_distribution,2016-04-16,2022-01-31,0,1929,965:964,2.0444690788855204e-05,,,descriptive divergence; not evidence of a physical mechanism,,
3d_lotto,jensen_shannon_between_thirds,pattern_distribution,2016-04-16,2024-10-07,0,2893,965:964,0.0003038813701109487,,,descriptive divergence; not evidence of a physical mechanism,,
3d_lotto,jensen_shannon_between_thirds,pattern_distribution,2018-12-19,2024-10-07,965,2893,964:964,0.0003588242401603377,,,descriptive divergence; not evidence of a physical mechanism,,
3d_lotto,bounded_change_point,draw_sum,2016-04-16,2024-10-07,0,2893,2893,1.485771879856153,0.7883211678832117,0.9419058094190581,screening statistic only; no physical cause is inferred,2021-08-28,10000
3d_lotto,bounded_change_point,all_distinct_indicator,2016-04-16,2024-10-07,0,2893,2893,1.8307950810970637,0.5375462453754625,0.9419058094190581,screening statistic only; no physical cause is inferred,2024-01-09,10000
3d_lotto,bounded_change_point,triple_indicator,2016-04-16,2024-10-07,0,2893,2893,1.4486840496945645,0.8288171182881712,0.9419058094190581,screening statistic only; no physical cause is inferred,2017-01-17,10000
3d_lotto,bounded_change_point,previous_draw_overlap,2016-04-16,2024-10-07,0,2893,2893,1.2054252715552134,0.9419058094190581,0.9419058094190581,screening statistic only; no physical cause is inferred,2022-03-18,10000
lotto_6_42,rolling_window,marginal_number_entropy_nats,2016-08-30,2018-04-12,0,250,250,3.7266976112241004,,,descriptive only; train plus validation development prefix,,
lotto_6_42,rolling_window,marginal_max_absolute_deviation_from_fair,2016-08-30,2018-04-12,0,250,250,0.05314285714285716,,,descriptive only; train plus validation development prefix,,
lotto_6_42,rolling_window,draw_sum_mean,2016-08-30,2018-04-12,0,250,250,126.0,,,descriptive only; train plus validation development prefix,,
lotto_6_42,rolling_window,odd_count_mean,2016-08-30,2018-04-12,0,250,250,2.944,,,descriptive only; train plus validation development prefix,,
lotto_6_42,rolling_window,previous_draw_overlap_mean,2016-08-30,2018-04-12,0,250,250,0.7991967871485943,,,descriptive only; train plus validation development prefix,,
lotto_6_42,rolling_window,marginal_number_entropy_nats,2017-04-25,2018-12-01,100,350,250,3.7276341211614015,,,descriptive only; train plus validation development prefix,,
lotto_6_42,rolling_window,marginal_max_absolute_deviation_from_fair,2017-04-25,2018-12-01,100,350,250,0.08114285714285716,,,descriptive only; train plus validation development prefix,,
lotto_6_42,rolling_window,draw_sum_mean,2017-04-25,2018-12-01,100,350,250,129.272,,,descriptive only; train plus validation development prefix,,
lotto_6_42,rolling_window,odd_count_mean,2017-04-25,2018-12-01,100,350,250,2.952,,,descriptive only; train plus validation development prefix,,
lotto_6_42,rolling_window,previous_draw_overlap_mean,2017-04-25,2018-12-01,100,350,250,0.8353413654618473,,,descriptive only; train plus validation development prefix,,
lotto_6_42,rolling_window,marginal_number_entropy_nats,2017-12-14,2019-08-01,200,450,250,3.7279946609301886,,,descriptive only; train plus validation development prefix,,
lotto_6_42,rolling_window,marginal_max_absolute_deviation_from_fair,2017-12-14,2019-08-01,200,450,250,0.04114285714285715,,,descriptive only; train plus validation development prefix,,
lotto_6_42,rolling_window,draw_sum_mean,2017-12-14,2019-08-01,200,450,250,128.916,,,descriptive only; train plus validation development prefix,,
lotto_6_42,rolling_window,odd_count_mean,2017-12-14,2019-08-01,200,450,250,2.956,,,descriptive only; train plus validation development prefix,,
lotto_6_42,rolling_window,previous_draw_overlap_mean,2017-12-14,2019-08-01,200,450,250,0.8313253012048193,,,descriptive only; train plus validation development prefix,,
lotto_6_42,rolling_window,marginal_number_entropy_nats,2018-08-09,2020-03-21,300,550,250,3.7271089835831615,,,descriptive only; train plus validation development prefix,,
lotto_6_42,rolling_window,marginal_max_absolute_deviation_from_fair,2018-08-09,2020-03-21,300,550,250,0.042857142857142844,,,descriptive only; train plus validation development prefix,,
lotto_6_42,rolling_window,draw_sum_mean,2018-08-09,2020-03-21,300,550,250,127.864,,,descriptive only; train plus validation development prefix,,
lotto_6_42,rolling_window,odd_count_mean,2018-08-09,2020-03-21,300,550,250,2.992,,,descriptive only; train plus validation development prefix,,
lotto_6_42,rolling_window,previous_draw_overlap_mean,2018-08-09,2020-03-21,300,550,250,0.8433734939759037,,,descriptive only; train plus validation development prefix,,
lotto_6_42,rolling_window,marginal_number_entropy_nats,2019-04-04,2021-03-20,400,650,250,3.72327010163801,,,descriptive only; train plus validation development prefix,,
lotto_6_42,rolling_window,marginal_max_absolute_deviation_from_fair,2019-04-04,2021-03-20,400,650,250,0.05314285714285716,,,descriptive only; train plus validation development prefix,,
lotto_6_42,rolling_window,draw_sum_mean,2019-04-04,2021-03-20,400,650,250,127.88,,,descriptive only; train plus validation development prefix,,
lotto_6_42,rolling_window,odd_count_mean,2019-04-04,2021-03-20,400,650,250,3.008,,,descriptive only; train plus validation development prefix,,
lotto_6_42,rolling_window,previous_draw_overlap_mean,2019-04-04,2021-03-20,400,650,250,0.8995983935742972,,,descriptive only; train plus validation development prefix,,
lotto_6_42,rolling_window,marginal_number_entropy_nats,2019-11-28,2021-11-13,500,750,250,3.727593519211543,,,descriptive only; train plus validation development prefix,,
lotto_6_42,rolling_window,marginal_max_absolute_deviation_from_fair,2019-11-28,2021-11-13,500,750,250,0.049142857142857155,,,descriptive only; train plus validation development prefix,,
lotto_6_42,rolling_window,draw_sum_mean,2019-11-28,2021-11-13,500,750,250,127.372,,,descriptive only; train plus validation development prefix,,
lotto_6_42,rolling_window,odd_count_mean,2019-11-28,2021-11-13,500,750,250,3.076,,,descriptive only; train plus validation development prefix,,
lotto_6_42,rolling_window,previous_draw_overlap_mean,2019-11-28,2021-11-13,500,750,250,0.9598393574297188,,,descriptive only; train plus validation development prefix,,
lotto_6_42,rolling_window,marginal_number_entropy_nats,2020-11-26,2022-07-14,600,850,250,3.7240413029140638,,,descriptive only; train plus validation development prefix,,
lotto_6_42,rolling_window,marginal_max_absolute_deviation_from_fair,2020-11-26,2022-07-14,600,850,250,0.06914285714285714,,,descriptive only; train plus validation development prefix,,
lotto_6_42,rolling_window,draw_sum_mean,2020-11-26,2022-07-14,600,850,250,127.44,,,descriptive only; train plus validation development prefix,,
lotto_6_42,rolling_window,odd_count_mean,2020-11-26,2022-07-14,600,850,250,3.056,,,descriptive only; train plus validation development prefix,,
lotto_6_42,rolling_window,previous_draw_overlap_mean,2020-11-26,2022-07-14,600,850,250,0.891566265060241,,,descriptive only; train plus validation development prefix,,
lotto_6_42,rolling_window,marginal_number_entropy_nats,2021-07-22,2023-03-04,700,950,250,3.7236006340131214,,,descriptive only; train plus validation development prefix,,
lotto_6_42,rolling_window,marginal_max_absolute_deviation_from_fair,2021-07-22,2023-03-04,700,950,250,0.05714285714285716,,,descriptive only; train plus validation development prefix,,
lotto_6_42,rolling_window,draw_sum_mean,2021-07-22,2023-03-04,700,950,250,128.848,,,descriptive only; train plus validation development prefix,,
lotto_6_42,rolling_window,odd_count_mean,2021-07-22,2023-03-04,700,950,250,3.128,,,descriptive only; train plus validation development prefix,,
lotto_6_42,rolling_window,previous_draw_overlap_mean,2021-07-22,2023-03-04,700,950,250,0.8232931726907631,,,descriptive only; train plus validation development prefix,,
lotto_6_42,rolling_window,marginal_number_entropy_nats,2022-03-17,2023-10-28,800,1050,250,3.7211671460718247,,,descriptive only; train plus validation development prefix,,
lotto_6_42,rolling_window,marginal_max_absolute_deviation_from_fair,2022-03-17,2023-10-28,800,1050,250,0.06285714285714285,,,descriptive only; train plus validation development prefix,,
lotto_6_42,rolling_window,draw_sum_mean,2022-03-17,2023-10-28,800,1050,250,130.608,,,descriptive only; train plus validation development prefix,,
lotto_6_42,rolling_window,odd_count_mean,2022-03-17,2023-10-28,800,1050,250,3.096,,,descriptive only; train plus validation development prefix,,
lotto_6_42,rolling_window,previous_draw_overlap_mean,2022-03-17,2023-10-28,800,1050,250,0.8554216867469879,,,descriptive only; train plus validation development prefix,,
lotto_6_42,rolling_window,marginal_number_entropy_nats,2022-11-10,2024-06-22,900,1150,250,3.726469438390226,,,descriptive only; train plus validation development prefix,,
lotto_6_42,rolling_window,marginal_max_absolute_deviation_from_fair,2022-11-10,2024-06-22,900,1150,250,0.049142857142857155,,,descriptive only; train plus validation development prefix,,
lotto_6_42,rolling_window,draw_sum_mean,2022-11-10,2024-06-22,900,1150,250,129.068,,,descriptive only; train plus validation development prefix,,
lotto_6_42,rolling_window,odd_count_mean,2022-11-10,2024-06-22,900,1150,250,3.06,,,descriptive only; train plus validation development prefix,,
lotto_6_42,rolling_window,previous_draw_overlap_mean,2022-11-10,2024-06-22,900,1150,250,0.8594377510040161,,,descriptive only; train plus validation development prefix,,
lotto_6_42,rolling_window,marginal_number_entropy_nats,2023-03-11,2024-10-22,952,1202,250,3.7263858329971264,,,descriptive only; train plus validation development prefix,,
lotto_6_42,rolling_window,marginal_max_absolute_deviation_from_fair,2023-03-11,2024-10-22,952,1202,250,0.05085714285714285,,,descriptive only; train plus validation development prefix,,
lotto_6_42,rolling_window,draw_sum_mean,2023-03-11,2024-10-22,952,1202,250,129.3,,,descriptive only; train plus validation development prefix,,
lotto_6_42,rolling_window,odd_count_mean,2023-03-11,2024-10-22,952,1202,250,3.068,,,descriptive only; train plus validation development prefix,,
lotto_6_42,rolling_window,previous_draw_overlap_mean,2023-03-11,2024-10-22,952,1202,250,0.927710843373494,,,descriptive only; train plus validation development prefix,,
lotto_6_42,jensen_shannon_between_thirds,number_marginal,2016-08-30,2022-03-19,0,802,401:401,0.005265379776897178,,,descriptive divergence; not evidence of a physical mechanism,,
lotto_6_42,jensen_shannon_between_thirds,odd_count_distribution,2016-08-30,2022-03-19,0,802,401:401,0.0033345174699199575,,,descriptive divergence; not evidence of a physical mechanism,,
lotto_6_42,jensen_shannon_between_thirds,number_marginal,2016-08-30,2024-10-22,0,1202,401:400,0.006642412154060058,,,descriptive divergence; not evidence of a physical mechanism,,
lotto_6_42,jensen_shannon_between_thirds,odd_count_distribution,2016-08-30,2024-10-22,0,1202,401:400,0.00991841976570371,,,descriptive divergence; not evidence of a physical mechanism,,
lotto_6_42,jensen_shannon_between_thirds,number_marginal,2019-04-06,2024-10-22,401,1202,401:400,0.005505764135016187,,,descriptive divergence; not evidence of a physical mechanism,,
lotto_6_42,jensen_shannon_between_thirds,odd_count_distribution,2019-04-06,2024-10-22,401,1202,401:400,0.010507586674641104,,,descriptive divergence; not evidence of a physical mechanism,,
lotto_6_42,bounded_change_point,draw_sum,2016-08-30,2024-10-22,0,1202,1202,2.4349131674487188,0.11858814118588142,0.2495750424957504,screening statistic only; no physical cause is inferred,2018-02-08,10000
lotto_6_42,bounded_change_point,odd_count,2016-08-30,2024-10-22,0,1202,1202,2.0504871897321024,0.25937406259374063,0.25937406259374063,screening statistic only; no physical cause is inferred,2019-02-02,10000
lotto_6_42,bounded_change_point,previous_draw_overlap,2016-08-30,2024-10-22,0,1202,1202,2.295024791874959,0.1663833616638336,0.2495750424957504,screening statistic only; no physical cause is inferred,2019-09-28,10000
